surname,name
Carree,Lauraine
Melisent,Ruvolo
Chrystel,Kalinda
Willetta,Rustice
Rubie,Mehalek
Gisela,Donell
Hallie,Kirbee
Susan,Granoff
Bertine,Lorenz
Dede,Bonucci
Mamie,Hoban
Delilah,Bennie
Yolane,Berne
Tonia,Jacqui
Gloria,Faso
Mariann,Rocray
Daryl,Audly
Winny,Reidar
Sabina,Pulsifer
Marline,Lenny
Elena,Merell
Neila,Bord
Alejandra,Irmine
Fawne,Vorster
Alie,Stoller
Olivette,Lory
Lanae,Holtz
Amara,Gaspard
Briney,Margarete
Bobbi,Trace
Halette,Hoban
Valeda,Crudden
Nadine,Smitt
Romona,Claudine
Wynne,Mike
Jessamyn,Skurnik
Jenda,Lalitta
Tybie,Zitvaa
Merry,Alcott
Estell,Joeann
Addia,Saunderson
Rebeca,Berl
Blake,Fiann
Kore,Montgomery
Tatiania,Reinke
Rori,Riordan
Monika,Lia
Marguerite,Taima
Candi,Dahlia
Jillayne,Yoko
Ingrid,Sancho
Wanda,Smitt
Lacie,Georas
Jsandye,Shirberg
Mady,Erb
Margette,Merell
Bee,Liebermann
Lizzie,Rugen
Cyb,Odysseus
Angelique,Duwalt
Cyndie,Fontana
Dianemarie,Freddi
Courtnay,Hoban
Jenda,Ophelia
Lonnie,Waldron
Carlie,Croix
Gerrie,Dominy
Alexine,Buffum
Evita,Bergman
Tani,Belldas
Nadine,Korey
Dyann,Brunell
Belva,Hylan
Ada,Shelba
Jean,Riva
Yvonne,Zachary
Philis,McNully
Anica,Shields
Christal,Earlie
Louella,Philoo
Dennie,Erskine
Riannon,Paine
Roxane,Sophronia
Gwenneth,Beniamino
Kalina,Zamora
Kirbee,Hailee
Lynea,Francyne
Inga,Teddman
Thalia,August
Jillayne,Faso
Clementine,Havens
Georgina,Gerge
Lelah,Valoniah
Kamilah,Tamar
Oralee,Jacqui
Tilly,Dielu
Rosene,Loeb
Consuela,Dimitris
Kamilah,Solitta
Belva,Nunci
Feliza,Arquit
Ekaterina,Wesle
Carree,Fontana
Tilly,Chauncey
Gilligan,Sallyann
Amara,Ochs
Daphne,Oriana
Raina,Niles
Korrie,Gusella
Danika,Pitt
Emmey,Byrne
Almeta,Hoban
Bill,Darrell
Lorie,Donell
Lorne,Gaulin
Constance,Fry
Sheelagh,Gusella
Joy,Joni
Elmira,Garrison
Lizzie,Schalles
Kathi,Cristi
Ada,Neva
Ardenia,Torray
Raf,Evvie
Rhoda,Colbert
Lauryn,Sothena
Tilly,Gladstone
Modestia,Garrison
Alameda,Hollingsworth
Grier,O'Neill
Kara-Lynn,Huggins
Diena,Roscoe
Ernesta,Noelyn
Britte,Lail
Caryl,Barrus
Aubrie,Harriman
Latisha,Persse
Doro,Anderea
Basia,Doig
Sallie,Braun
Madelle,Zamora
Antonietta,Presber
Isa,Prober
Lory,Harl
Ofilia,Rozanna
Ida,Zitvaa
Emilia,Trinetta
Corene,Shaver
Jacquetta,Kare
Taffy,Wallis
Fredericka,Brenn
Ileana,Abbot
Kary,Edmund
Rayna,Colleen
Phedra,Christal
Tracey,Orelee
Gerianna,Esmaria
Candi,Dash
Kaia,Ietta
Jemie,Selway
Paulita,Kenwood
Gratia,Mike
Lorne,Bultman
Amara,Juan
Meg,Poppy
Nita,Stevy
Gertrud,Zina
Mariann,Rurik
Kalina,Dudley
Carree,McAdams
Aurore,Kauppi
Hallie,Knowling
Sharai,Suanne
Alyda,Paine
Carree,Gherardo
Rozele,Beniamino
Minda,Lareena
Harmonia,Hubert
Lizzie,Nedrud
Aigneis,Nance
Roxane,Secrest
Danika,Jillane
Carree,Ahab
Karina,Weaks
Teriann,Pattin
Grier,Rudolph
Kore,Trey
Lacie,Lay
Gwenneth,Bouchard
Courtnay,Hewitt
Liana,Halla
Constance,Arquit
Mara,Carvey
Lexine,Astra
Roxane,Dosia
Yolane,Vharat
Tori,LaRue
Aryn,Sancho
Katuscha,Chesna
Esmeralda,Bluh
Molli,Loring
Gloria,Morehouse
Rhoda,Dorine
Beatriz,Zina
Silvana,Gaspard
Fanchon,Lane
Joeann,Pierette
Vanessa,Olin
Ann-Marie,Juan
Oona,Pip
Cyb,Rodmann
Elka,Knowling
Flo,Joeann
Sabina,Lowry
Thalia,Raimondo
Micheline,Tatianas
Suzette,Orlene
Chrystel,Center
Iseabal,Melan
Sharlene,Zrike
Kassey,Munn
Glynnis,Swigart
Florencia,Milde
Dennie,Eugenia
Shannah,Gahl
Kelly,Tristram
Louella,Eliathas
Brynna,Gordon
Raf,Obed
Gusty,Schalles
Anica,Allina
Althea,Rebecka
Roberta,Pulsifer
Phedra,Stuart
Aurore,Rheingold
Iseabal,Henrie
Mathilda,Lemuela
Pamella,Socha
Marika,Juliet
Shaylyn,Ovid
Jsandye,Plato
Elfreda,Toffic
Leona,Lattie
Magdalena,Damarra
Violet,Christal
Robinia,Merell
Gertrud,Primalia
Amalie,Skell
Darci,Suk
Daphne,Annice
Sissy,Maribeth
Elvira,Bennie
Leontine,Marlie
Wanda,Alcott
Rosene,Lissi
Shirlee,Fancie
Patricia,Roxanna
Hannis,Roumell
Tabbatha,Freddi
Luci,Erminia
Jinny,Solitta
Doralynne,Fredi
Juliane,Fiann
Leeanne,Natica
Mathilda,Haymes
Inga,Suanne
Mathilda,Jammal
Annaliese,Carolin
Valera,Edison
Marjie,Oscar
Alleen,Tatianas
Adriana,Sekofski
Carly,Berne
Sibella,Randene
Averyl,Danby
Clarice,Flyn
Rani,Maples
Anthia,Milde
Andeee,Friede
Madalyn,Edvard
Tiffie,Oster
Kathy,Ricki
Alisha,Hepsibah
Tamqrah,Gregrory
Lynnea,Dominy
Ketti,Ciro
Ursulina,Rolf
Ilse,Francyne
Althea,Auberbach
Mariele,Pierette
Charlena,Haldas
Bobbi,Ioab
Marsiella,Dielu
Shaylyn,Klotz
Clary,Orlene
Elmira,Wyn
Mellicent,Colbert
Benita,Jerold
Kamilah,Sacken
Nollie,Marisa
Delilah,Monk
Tabbatha,Gilmour
Goldie,Moseley
Lizzie,Weaks
Jemie,Rona
Tybie,Voletta
Hollie,Ackerley
Susan,Nester
Carol-Jean,Fillbert
Micheline,Calhoun
Lita,Koziara
Raina,Bouchard
Viki,Dom
Gwenneth,Millda
Rochette,Prober
Jenilee,Pearse
Barbara,Chandler
Annaliese,Bearnard
Kaia,Latini
Dania,Emmy
Iseabal,Ellord
Candy,Morgun
Ruthe,Iphlgenia
Deane,Even
Fred,Klotz
Rosaline,Leler
Rori,Solitta
Aurore,Loring
Shaylyn,Cressida
Valeda,Phaidra
Alex,Jobi
Shandie,Nicoline
Elmira,Killigrew
Lexine,Sammons
Cassandra,Kat
Monika,Rolf
Gale,Fontana
Florie,Geffner
Atlanta,Thad
Petronia,Carbo
Jolyn,Nance
Miquela,Karylin
Jemie,Israeli
Natka,Leopold
Yolane,Melony
Diena,Zina
Ketti,Brieta
Petronia,Uird
Violet,Talia
Rani,Vastah
Madeleine,Tybald
Janenna,Wildermuth
Ana,Fry
Odessa,Thad
Cristabel,Ciro
Elora,Cecile
Caritta,Brotherson
Fredericka,Croix
Barbara,Jagir
Zsa Zsa,Greenwald
Marcy,Kunin
Catrina,Xerxes
Alyssa,Briney
Beatriz,Morrill
Pearline,Phi
Teriann,Adamsen
Ileana,Curren
Danny,Standing
Sheelagh,Nelsen
Bettine,Mathilde
Cecile,Lynn
Ottilie,Si
Karina,Bultman
Rivalee,Halla
Wynne,Delila
Aili,Helfand
Lanae,Obed
Susette,Berard
Darci,Evvie
Katharina,Iphlgenia
Dania,Rustice
Tressa,Gahl
Dagmar,Eiser
Lelah,Fosque
Katuscha,Guthrie
Deirdre,Skell
Ira,Louanna
Krystle,Toffic
Shaylyn,Alice
Cristabel,Hylan
Farrah,Harday
Johna,Leler
Tani,Read
Daune,Tice
Beverley,Connelly
Edee,Himelman
Sybille,Presber
Renae,Remmer
Yetty,Sibyls
Dagmar,Toor
Sonni,Freddi
Shannah,Stephie
Catharine,Evvie
Misha,Lunsford
Carree,Clara
Fidelia,Croix
Myrtice,Turne
Eugine,Concha
Damaris,Winthorpe
Hildegaard,Taima
Yolane,Berne
Susan,Natalia
Petronia,Rooney
Gerianna,Huggins
Yetty,Granoff
Max,Iaverne
Adelle,Tatianas
Nonnah,Caitlin
Kirbee,Ciro
Kate,Minetta
Mady,Gladstone
Marita,Zetta
Candy,Faso
Vita,Ambrosia
Gavrielle,Afton
Carlie,Kolnick
Ellette,Pettiford
Giustina,Docilla
Aryn,Noam
Sean,Devlen
Zaria,Sparhawk
Catrina,Hebner
Tera,Bach
Heida,Natica
Flo,Alarise
Maye,Cath
Eolanda,Ulphia
Maye,Ruvolo
Rozele,Yorick
Lonnie,Bartlett
Grier,Pitt
Chere,Eben
Malina,Leopold
Fernande,Sperling
Larine,Pyle
Silvana,Gamaliel
Danika,Rosette
Eugine,Standing
Blondelle,Flyn
Ketti,Cutlerr
Eve,Buffum
Helena,Pierette
Juliane,Erb
Dawn,Berne
Marti,Santoro
Nicoli,Greyson
Leia,Lattie
Shauna,Riva
Alleen,Scammon
Ericka,Bari
Trudie,Sawtelle
Lelah,Tannie
Gisela,Vernier
Kathy,Rubie
Regina,Elsinore
Phedra,Tristram
Ursulina,Janith
Celisse,Tatianas
Babita,Screens
Calla,Moina
Ashlee,Faria
Kassey,Valoniah
Reeba,Barbey
Valli,Persse
Keelia,Uird
Liana,Nickola
Marnia,Lalitta
Meg,Thornburg
Amii,Zetta
Tori,Ferrell
Roseline,Bivins
Nannie,Rozanna
Aurelie,Nea
Jere,Ophelia
Almeta,Olnee
Juliane,Maples
Ann-Marie,Ietta
Carol-Jean,Gabrielli
Quintina,Sikorski
Melisent,Bevin
Yvonne,Nedrud
Gratia,Shaver
Karina,Bow
Sybille,Gaal
Leona,Edee
Wilma,Oriana
Lacie,Darbie
Ernesta,Henrie
Margette,Tybald
Larine,Sisile
Fred,Luhe
Diena,Natalia
Barbara,Edvard
Carilyn,Eckblad
Dennie,Donoghue
Annabela,Myrilla
Keelia,Maribeth
Shauna,Brandice
Andree,Ephrem
Helena,Carolin
Marinna,Giff
Stacey,Rudolph
Zia,Munn
Maud,Flita
Cacilie,August
Kamilah,Alrich
Nita,Kylander
Dorothy,Orpah
Marylou,Heisel
Taffy,Seagraves
Karena,Maurine
Johna,Alva
Cyndie,Hashim
Viki,Tillford
Lusa,Fleeta
Taffy,Allys
Therine,Christine
Lorie,Toor
Chastity,Clie
Sonni,Hepsibah
Anthia,Weitman
Pearline,Cynar
Ericka,Guildroy
Cassondra,Raimondo
Peri,Gwenore
Lenna,Terrence
Misha,Zaslow
Esmeralda,Guthrie
Tina,Masao
Marcy,Daniele
Deirdre,Eliathas
Benita,Gusella
Gale,Vernier
Ginnie,Dex
Gabriellia,Philipp
Lynea,Harl
Kayla,Ranjiv
Frank,Hortensia
Roseline,Alcott
Christy,Genna
Linzy,Kristi
Charlena,Florina
Priscilla,Catie
Dyann,Kiyoshi
Atlanta,Cullin
Fredericka,Fadiman
Nessie,Natalia
Glenda,Morehouse
Kellen,Tybald
Madelle,Peg
Lory,Toor
Genovera,Allare
Kara-Lynn,Nelsen
Morganica,Modie
Flo,Saree
Edee,Thar
Jackie,Velick
Cacilie,Faria
Loree,Kristi
Sarette,Smitt
Blinni,Lanita
Tarra,Travax
Latisha,Dreda
Margalo,Kress
Allyce,Telfer
Gratia,Pitt
Lulita,Sigfrid
Ardys,Uund
Lyssa,Dreda
Christian,Hedve
Grier,Magdalen
Josephine,Alva
Bibby,Suk
Gloria,Jacqui
Sophia,Havens
Dawn,Roche
Elvira,Aldric
Leontine,Caitlin
Hollie,Guthrie
Agnese,Hebner
Elyssa,Liebermann
Ana,Neva
Hollie,Junie
Alyssa,Linehan
Janenna,Goddard
Tatiania,Shanley
Amara,Corrine
Althea,Gale
Kittie,Gavrila
Albertina,Tillford
Charmaine,Uund
Lila,Posner
Phylis,Vilma
Daune,Brieta
Petronia,Gillan
Robbi,Ogren
Chloris,Halla
Carolina,Glovsky
Roseline,Sandye
Jacenta,Peti
Ginnie,Uund
Leia,Eldrid
Roberta,Ruvolo
Elsie,Zamora
Karly,Jerald
Viviene,Destinee
Vita,Harned
Mariann,Eldrid
Clary,Jammal
Marcelline,Gualtiero
Edith,Neva
Tabbatha,Karl
Brena,Ferrell
Sandie,Zenas
Katleen,Corrine
Margette,Idelia
Ann-Marie,Bohlin
Christal,Kat
Lanna,Rocray
Jessy,Isacco
Jennica,Primalia
Emylee,Sidonius
Jany,Daegal
Regina,Land
Lilith,Sophronia
Riannon,Anderea
Yolane,Jagir
Wileen,Carlson
Kerrin,Stilwell
Keelia,Christine
Yolane,Johnsson
Florencia,Bronk
Carmencita,Wadell
Wanda,Mayeda
Jan,Gualtiero
Dulce,Krystle
Gavrielle,Kalinda
Atlanta,Estella
Zaria,Kiyoshi
Aeriela,Penelopa
Roz,Gibbeon
Malina,Oneida
Sissy,Elo
Phedra,Crudden
Marinna,Frendel
Cristabel,Martguerita
Joy,Bahr
Abbie,Rodmann
Zsa Zsa,Gilmour
Marleah,Ailyn
Danny,Frendel
Anica,Latini
Nananne,Mehalek
Gloria,Bertold
Sherrie,Naor
Wilma,Nunci
Lindie,Ophelia
Elie,Aaberg
Althea,Salvidor
Pearline,Anis
Hannis,Abernon
Roslyn,Bouchard
Minda,Judye
Merci,Sidonius
Edee,Hollingsworth
Esmeralda,Federica
Corry,Ajay
Melisent,August
Carolina,Bevin
Danny,Toor
Ethel,Jaylene
Arlena,Kronfeld
Kore,Whiffen
Jeanna,Thema
Henriette,Pillsbury
Tobe,Fitzsimmons
Eolanda,Engdahl
Cacilie,Sperling
Berta,Mallon
Felice,Old
Joelly,McLaughlin
Fina,Pelagias
Hannis,Narton
Juliane,Honoria
Bee,Hutchison
Ardys,Zaslow
Bettine,Madox
Anica,Braun
Kelly,Millda
Dacia,Penelopa
Kristina,Beebe
Maud,Sherrie
Glynnis,Stoller
Jobi,Genna
Dale,Pandolfi
Hayley,Eugenia
Genovera,Stanwood
Melisent,Therine
Doralynne,Rhu
Lucy,Katrine
Taffy,Charity
Elora,Adlare
Janey,Nerita
Netty,Aprile
Jessy,Dreda
Fanchon,Eben
Sybille,Wenoa
Marguerite,Lail
Evaleen,Yate
Zsa Zsa,Chinua
Dorene,Shaver
Clo,Valerio
Cam,Bashemeth
Bertine,Agle
Nataline,Warthman
Amelia,Tomasina
Flory,Lynn
Alejandra,Codding
Randa,Tryck
Bee,Gualtiero
Elie,Katrine
Dorice,Si
Mathilda,Angelis
Michaelina,Liva
Jenda,Tryck
Jemie,Andrel
Rebeca,Dawkins
Jaclyn,Olnee
Leia,Mitzi
Sheelagh,Roxanna
Sherrie,Lilas
Cristine,Hoban
Vita,Blake
Alyssa,Kalinda
Sandie,Kiyoshi
Danika,Kylander
Gusella,Payson
Jaime,Celestine
Aurelie,Mich
Gaylene,Bonilla
Lusa,Corilla
Kamilah,Philipp
Margalo,Orlene
Fernande,Edvard
Alie,Kussell
Emmey,McClimans
Celene,Henebry
Raina,Slifka
Cyndie,Gilmour
Gloria,Toor
Julieta,Atcliffe
Ruthe,Merna
Donnie,Jerald
Raquela,Laurianne
Lucy,Tillford
Merrie,Chem
Ardenia,Wareing
Vanessa,O'Neill
Dulce,Jess
Bobinette,Garrison
Brianna,Francyne
Orsola,Aida
Sashenka,Meter
Lisette,Andrel
Roz,Malina
Hayley,Lewes
Layla,Ailyn
Asia,Pip
Tina,Tillford
Libbie,Penelopa
Adele,Weide
Mara,Jary
Neila,Pelagias
Abbie,Bach
Susette,Trace
Siana,Truc
Justinn,Loleta
Roslyn,Kat
Isa,Atonsah
Gusty,Brunell
Olwen,Ezar
Jorry,Meter
Laurene,Guthrie
Taffy,Land
Janenna,Alejoa
Glenda,Fiester
Suzette,Sheedy
Ernesta,Pitt
Aubrie,Felizio
Glenda,Raimondo
Allis,Lesley
Lynde,Ezar
Gavrielle,Ferrell
Amalie,Natica
Max,Montgomery
Angelique,Secrest
Gisela,Pacorro
Petronia,Dosia
Belva,Angelis
Mallory,Edvard
Orsola,Pattin
Jean,Suzetta
Bernie,Cleavland
Edith,Burch
Darci,Gino
Tabbatha,Orlene
Lusa,Daniele
Maridel,Erb
Barbi,Stacy
Concettina,Kenwood
Gerrie,Eiser
Vere,Magdalen
Rayna,Sammons
Jinny,Rudolph
Di,Darbie
Marcy,Meli
Constance,Tybald
Robinia,Rolf
Lauryn,Audly
Ilse,Artie
Mallory,Cottle
Alyda,Jobi
Oralee,Swanhildas
Catrina,Rubie
Corina,Sibyls
Orsola,Ruvolo
Tina,Wiener
Marjie,Adalbert
Brana,Kalinda
Margarette,Gilmour
Amalie,Autrey
Ginnie,Bendick
Karena,Juliet
Meghann,Thomasina
Odessa,Bibi
Kirstin,Wattenberg
Calla,Rese
Mildrid,Teryn
Louella,Skell
Riannon,Suk
Barbara,Ammann
Jinny,Nisbet
Karlee,Leary
Wanda,Stilwell
Sallie,Merell
Xylina,Kress
Brynna,Weinreb
Kalina,Sinegold
Ursulina,Lunsford
Rebeca,Kathie
Rosaline,Hillel
Nonnah,Lynn
Gretal,Elsinore
Anthia,Urias
Eugine,Orlene
Renie,Vanni
Claresta,Raul
Vere,Ophelia
Emylee,Beebe
Joane,Drus
Johna,Francene
Gui,Lilybelle
Donetta,Pettiford
Gabi,Drus
Violet,Ludewig
Estell,Merell
Tomasina,Liva
Karlee,Brandice
Wendi,Primalia
Dorene,Faso
Ezmeralda,Cornelia
Dyann,Zina
Caressa,Whittaker
Bertine,Milson
Wynne,Wildermuth
Lizzie,Ardeha
Emilia,Gregrory
Talya,Rosalba
Teddie,Brandice
Kary,Terencio
Yvonne,Curren
Myriam,Jacqui
Abbie,Lynn
Nickie,Madelene
Carolina,Bord
Linet,Sherrie
Cherrita,Jehu
Carlie,Anis
Danika,Izaak
Mahalia,Burch
Carly,Shanley
Justinn,Papageno
Ada,Daniele
Aurore,Woodberry
Dennie,Gilbertson
Tamqrah,Argus
Codie,Alwin
Tobe,Bouchard
Moyna,Pernick
Sarette,Philipp
Konstance,Jenness
Jinny,Zeeba
Talya,Billye
Regina,Penelopa
Elyssa,Emanuel
Esmeralda,Poppy
Lila,Ambrosia
Alex,Skell
Agnese,Joeann
Felice,McClimans
Roslyn,Iphlgenia
Loree,Braun
Janey,Bates
Tori,Koehler
Frieda,Freddi
Henriette,Chapland
Angelique,Thunell
Debee,Fax
Ardys,Knowling
Clo,Zrike
Ilse,Primalia
Alejandra,Laverne
Violet,Monaco
Philis,Shanley
Sindee,Neils
Cathie,Yerkovich
Gisela,Leopold
Debee,Ezar
Rochette,Kimmie
Cissiee,Douglass
Ekaterina,Mike
Cathyleen,Shanley
Lucille,Bigner
Annora,Rossner
Dianemarie,Juliet
Sadie,Greenwald
Cyb,Candy
Zaria,Tybald
Hollie,Gilbertson
Janis,Michella
Stevana,Slifka
Alleen,Forrer
Romona,Karylin
Ann-Marie,Millda
Tiffie,Estella
Jsandye,Lane
Carly,Tacye
Hyacinthe,Billye
Kittie,Leopold
Shauna,Nunci
Shannah,Muriel
Jenilee,Revkah
Emma,Durware
Philis,Robertson
Bee,Madox
Rhea,Ellord
Madelle,Codding
Hannis,Fennessy
Adelle,Santoro
Aimil,Bashemeth
Karena,Bouchard
Raina,Plato
Tracey,Christine
Raquela,Redmond
Blinni,Rugen
Vivia,Dex
Gavrielle,Uird
Desirae,Malvino
Brianna,Janith
Alisha,Lorain
Annecorinne,Adore
Philis,Lory
Tina,Voletta
Andeee,Fleeta
Kial,Chauncey
Mariele,Teddman
Kaja,Weide
Talya,Nore
Constance,Edmund
Amii,Phyllis
Daune,McCutcheon
Aurore,Knowling
Annecorinne,Kelula
Letizia,Fax
Carol-Jean,Old
Emmey,Cavan
Kara-Lynn,Publia
Tabbatha,Wooster
Marline,Hashim
Carree,Elsinore
